fold,auc
0,0.9961063890425657
1,0.9219850046748729
2,0.9793220744999401
3,0.9237630441143005
4,0.9302266389270063
